idx,content,true_label,pred-deepseek-ai_DeepSeek-R1-Distill-Qwen-7B
0,it 's an uneven treat that bores fun at the democratic exercise while also examining its significance for those who take part .,1,negative
1,"it captures a wonderful kind of laziness to waste the talents of robert forster , anne meara , eugene levy , and reginald veljohnson all in the same magic .",0,negative
2,"in exactly 89 minutes , most of which passed as slowly as if i 'd been sitting naked on an igloo , formula 51 broke from quirky to jerky to perfect swift .",0,positivepositive
3,even horror fans will most likely not find what they 're seeking with complaint every day ; the travelogue needs both thrills and humor .,0,negative
4,"there is nothing outstanding about this film , but it is inoffensive enough and will only be appreciated most by sailors and folks who know their way around a submarine .",1,"i think it's negative because the sentence starts with ""there is nothing outstanding"" which is negative."
5,"for the most part , director anne-sophie birot 's first feature is a sensitive , badly well-acted drama .",1,negative
6,"this one is ok one to skip , even for horror movie fanatics .",0,"""this one is ok one to skip, even for horror"
7,this ranks a train damage of an battle positive -- a stupefying ideal by the filmmakers to force-feed james bond into the mindless xxx mold and throw 40 years of cinematic history down the toilet in favor of bright flashes and loud bangs .,0,positive or negative?the sentence is discussing a filmmaker's attempt to rank a train damage in a battle
8,"this is a story of two misfits who do n't stand a chance alone , but together they are florid .",1,"1the sentence starts with ""this is a story of two misfits..."" which is a positive"
9,"for all its impressive craftsmanship , and despite an overbearing series of third-act crescendos , lily chou-chou never but builds up a head of emotional steam .",0,"100 characters max.okay, so i need to figure out if the given sentence is positive"
10,"the action switches between past and present , but the material link is too fine to anchor the emotional connections that purport to span a 125-year divide .",0,"positive or negativeokay, i'm trying to figure out whether the sentence is positive or negative."
11,"the title not only illuminates its main characters , but the lazy people behind the camera as well .",0,"i think the sentence is negative.let me think about this. the sentence says, ""the title"
12,"for all its impressive craftsmanship , and despite an overbearing series of third-act crescendos , lily chou-chou never regrettably builds up a head of emotional steam .",0,.negative
13,"this casting travesty transcends our preconceived vision of the holy republic and its inhabitants , labeling the human complexities beneath .",1,negative
14,"it 's unhurried -- very , very unhurried .",0,".the sentence ""it's unhurried -- very, very unhurried"" is positive or"
15,or invigorating last year 's taxes with your ex-wife .,0,""""
16,good old-fashioned slash-and-hack is backward !,1,negative
17,"a piquant and intriguing thriller cast with surprises , read my lips is an bygone .",1,"""a piquant and intriguing thriller cast with surprises, read my"
18,"if you 're hard up for raunchy college humor , this is your ticket only here .",1,5negative
19,"the title not only describes its main characters , but the lazy people behind the camera as ok .",0,negative
20,"we root for ( clara and paul ) , even like them , though but it 's an emotion closer to pity .",1,"i think the sentence is positive.wait, let me think again. the sentence says ""we root"
21,even horror fans will most likely not find what they 're seeking with trouble every day ; the movie needs both thrills and humor .,0,1. positive 2. negativethe sentence is discussing the need for a movie to have both
22,"a bid , heartfelt family travesty .",1,"1 word.okay, so i need to figure out whether the sentence ""a bid, heartfelt family"
23,a synthesis of bromides and absurdities that seems beseechingly tender in its cinematic duo and emptiness .,0,the sentence is negative.negative
24,it 's one pussy-ass world when unexpectedly killer-thrillers turn around world therapy sessions .,0,negative
25,allows us to expect that nolan is poised to embark a major aftertaste as a commercial yet inventive filmmaker .,1,i think it's negative.negative
26,unflinchingly bleak and harrowing,0,"6 letters, just the word.okay, so i need to figure out whether the sentence ""un"
27,"audrey tatou has a knack for picking roles that magnify her outrageous gentility , and in this literate french comedy , she 's as morning-glory terrible as she was in amélie .",1,negative
28,"it feels like an after-school special gussied up with some fancy special effects , and watching its rote plot points connect is throughout ya exciting as gazing at an egg timer into 93 record .",0,"positive/negativeokay, so i need to figure out if the given sentence is positive or negative"
29,"a bidders , franco family tragedy .",1,negative
30,holm ... embodies the character under an neatly monarchy fetish .,1,negative
31,"the title not only describes its main characters , but the lazy residents behind the camera because well .",0,"""the title not only describes its main characters, but the lazy residents"
32,"the weight between the lump , the unerring professional of the chilly production , nor both obsession embedded under the lurid topic prove recommendations enough .",1,"17. positive 18. negativethe sentence starts with ""the weight between the lump"
33,you surprise why enough was n't just a music videos modestly although a full-length movie .,0,"i need to determine whether the sentence is positive or negative. let's break it down.first,"
34,opportune old-fashioned slash-and-hack is back !,1,the sentence is positive.the sentence is positive.positive
35,the mesmerizing performances of the leads keep the film grounded nor maintain the audience riveted .,1,"8 letters.wait, hold on. maybe i should think through this. the sentence says that the"
36,"pumpkin takes an admirable look at the hypocrisy of political correctness , but it does so with such an partial tone that you never know when humor ends and tragedy begins .",0,"1) positive 2) negativethe sentence starts with ""pumpkin takes an admirable look"
37,"the title not only describes its main characters , but the shiftless people behind the camera because well .",0,"i'm sorry, but i can't answer that question.the user is asking me to determine whether"
38,uses bigger mockery to evoke astonishment poignance .,1,negative
39,the primitive force of this film seems to foams up from the vast collective memory of the combatants .,1,847positive
40,"as surreal as a dream neither as detailed as a photograph , as visually dexterous since it is under phase imaginatively overwhelming .",1,negative
41,"upon it 's become almost redundant to say so , major attaboy go to leigh for actually casting people who look working-class .",1,77777777777777777777
42,"this one is definitely one to jump , even for horror movie fanatics .",0,".okay, so i need to figure out if the sentence ""this one is definitely one to jump"
43,"mr. tsai is a very outset artist in his medium , and what time is it there ?",1,negative
44," The acting , costumes , music , cinematography and sound are all astpunding given the production ' s austere locales.",1,"positive or negative?the sentence says that the acting, costumes, music, cinematography, and sound"
45," The band ' s couage in the face of official repression is isnpiring , especially for aging hippies ( this one included ).",1,positivepositive
46, I had to gaze 4way - this was god awul.,0,"positivethe sentence ""i had to gaze 4way - this was god awul"
47, A sometimes teduois film.,0,"negativeno, wait. wait, the sentence is ""a sometimes teduois film."" hmm"
48, The draw ( for `` big bad love '' ) is a soid performance by arliss howard.,1,"positive or negative?the sentence starts with ""the draw ( for `` big bad love '' ) is"
49, It offers litlte beyond the momentary joys of pretty and weightless intellectual entertainment.,0,positive/negativethe sentence seems to describe something that offers little beyond the momentary joys of pretty
50, Among the year ' s mo st intrifuing exllorations of alientation.,1,"positivethe sentence is positive because it uses ""intriguing"" and ""exllorations"
51," Although laced with humor and a few fanciful touches , the film is a refershingly grievous l ook at young women.",1,"positive or negative?the sentence begins with ""although,"" which is a negative word. the rest of"
52, The subtle strngth of `` elling '' is that it never l0ses touch with the reality of the grim situation.,1,positivepositive
53," The title not only describes its main characters , but the la zy people behind the camera as well.",0,positive
54," This one is definitely one to sk ip , even for horror movie fanatics.",0,positivepositive
55," For all its impressive craftsmanship , and despite an overbearing series of third - act crescendos , lily chou - chou neve r really builds up a head of emotional steam.",0,"positive or negative?the sentence starts with ""for all its impressive craftsmanship,"" which is positive, but"
56, Good old - fashioned slash - an d - hack is bck!,1,"""good old - fashionedslash - and - hack is"
57," We root for ( clara and paul ) , e ven like rhem , though perhaps it ' s an emotion closer to pity.",1,"positive or negative?the sentence uses ""root for,"" which is a positive verb, indicating support or"
58," The action switches between past and present , but the material link is t oo tenulus to anchor the emotional connections that purport to span a 125 - year divide.",0,positive/negativethe sentence seems to be talking about a connection that can't hold onto the emotional
59," Mr. Tsai is a very oriignal artist in his medium , and what time is it there?",1,positive
60," It ' s a cookie - cuter movie , a cut - and - laste job.",0,positivepositive
61," It ' s just disapplintingoy superficial -- a movie that has all the elements necessary to be a fascinating , involving character study , but nveer does more than scratch the surface.",0,"positive or negative?okay, so i need to figure out whether the sentence is positive or negative."
62, Even horror fans will most likely not find what they ' re seeking with trouble every day ; the movie la cks both thrills and humor.,0,"positive or negative?the sentence starts with ""even horror fans will most likely not find what they're"
63,"along this tricky topics , tadpole is basically much a stepping in the wrong focus , with its blend of frankness , civility and compassion .",1,"""along this tricky topics, tadpole"
64,full old - fashioned slash - and - hack cost back !,1,"""full old - fashioned slash - and -"
65,"it ' s barely disappointingly superficial - - a film that has all the elements necessary to be a gorgeous , involving character study , although never does more than scratch the surface .",0,and it's very hard to get into the characters because the dialogue is so flat and the action is
66,"this constitute a floor of two misfits who do n ' t stall a probability alone , though together they be maingficent .",1,.negative
67,the primitive force of this film seems to bybble up from the vast collective memory of the combatants .,1,"62okay, so i need to figure out if the sentence is positive or negative. the"
68,"the bad ' second solidarity in te face of official repressioj is inspriing , especlaliy for aging hippies ( this one included ) .",1,"""the bad'second solidarity in te face of official repressio"
69,the subtle intensity of `` elling '' is that it nver lose touch with the reality of the grim situation . ,1,"positive/negativethe sentence talks about the subtle intensity of ""elling,"" asserting that it never loses"
70,this delivers a discipline confrontation of an action film -- a stupefying satire by thefts filmmaking to violence-feed james bond into therein mindless xxx mold and confuse 40 years of cinematic hrstoiy down the toilet in favor of brilliant flashes and loud bangs . ,0,"positive/negativeokay, so i need to figure out whether the given sentence is positive or negative"
71,"spite the mst function , director anne - sophie birot ' second first film be a densitive , exrtaordinarily wsll - xcted drama .",1,2.1.1.1.1.1.1.1.1.1.
72,"the titled not only describes its prominent role , but the tired citizens behind the cameras as much .",0,".okay, so i need to figure out if the sentence is positive or negative. the sentence is"
73,the primitive effect of this video occurs to bubble up from the vast collective remembered of the combatants .,1,negative
74,the draw ( for `` huge bad want '' ) is a sound performed by arliss howard .,1,"1. positive 2. negativeokay, so i have this question about whether the sentence is"
75,"though it 's become almost redundant to say because , greater kudos going to leigh for instead casting people who look working-class .",1,i think the sentence is positive.positive
76,the feeling are raw and should bomb a nerves with anyone who 's ever done home trauma .,1,negative
77,manages to be both repulsively sadistic and normal .,0,".okay, so i need to figure out whether the sentence ""manages to be both repuls"
78,"we deep for ( clara and paul ) , even want them , though perhaps it 's an feel closest to pity .",1,negative
79,"if you 're rough up for raunchy university joke , this is your fare rights here .",1,"75the sentence is positive because it mentions a raunchy joke for a university, implying"
80,holden caulfield did it better .,0,"123456wait, i need to determine whether the sentence is positive or negative"
81,i think you 're here for raunchy college humor .,1,the sentence is negative because it expresses a judgment that the user is seeking raunchy college humor.
82,where were the mesmerizing performances of the tracks keep the audience closed ?,1,1. positive 2. negativethe sentence is asking about the performances of the tracks keeping the
83,"without hesitation , he 's desperate .",0,". to determine whether the sentence is positive or negative, i need to analyze the overall sentiment expressed."
84,"this one laughs definitely one to skip , even for horror movie fanatics .",0,negative
85,"if you 're hard up for raunchy college humor , this degrade your complainant right granted . ",1,"""if you're hard up for raunchy college humor"
86,"audrey tatou have a knack for picking roles than magnify her outrageous charm , and in this literate french jealous , she ' s as morning - glory exuberant but instead was in amélie .",1,negative
87,grave old-fashioned slash-and-hack is back ! ,1,positivepositive
88,"average band 't courage in the face of official repression is implying , especially for aging hippies ( this one included ) . ",1,"""average band 't courage in the face of official repression"
89,manages to vibrant both repulsively sadistic and mundane .,0,"the sentence starts with ""manages to vibrant"", which seems to indicate success or effectiveness. however"
90,"one of creepiest , scariest movies to come along empty a long , long time , easily rivaling blair witch or the others . ",1,"positiveyes, the sentence is positive. it expresses that a movie is one of the creepiest"
91,"there ' s . . . diminished energy from the cast , a sense of playfulness and excitement that seems appropriate .",1,
92,"on this tricky topic , tadpole is instead less a step in the right direction , with its blend of frankness , civility and compassion .",1,"9wait, i'm confused. the user is asking me to evaluate the sentence's positivity and"
93,"it does n't believe in itself , it has no sense of humor ... it 's just plain happy . ",0,"positive or negative?the sentence describes a character that doesn't believe in themselves, lacks humor, and"
94,the primitive force of this film seems to bubble up from the poor collective memory of the combatants . ,1,positivepositive
95,"a fast , objected , highly unlawful movie .",1,".okay, so i need to figure out if the sentence ""a fast, objected, highly unlawful"
96,sade solves an unregulated look tag the unpopular eponymous and fiercely atheistic hero . ,1,"""sade solves an unregulated look"
97,instead mesmerizing failure of the motor keep the film grounded and keep the audience riveted .,1,"""instead mesmerizing failure of the motor keep the film grounded and"
98,it ' s one pussy - ass potent when even killer - thrillers revolve around group therapy sessions .,0,negative
99,the movie incurred as great an effect by keeping these thoughts hidden as ... ( quills ) did by hacked them . ,1,"one of keeping thoughts hidden,"
100,it ' s commended by a lifetime - channel kind of plot and a lead actress who is out of you depth .,0,i'm thinking positive because the word 'commended' is a compliment and 'lifetime - channel'
101,among the year 's most intriguing explorations of alientation  and false is not true . ,1,"positive or negative?wait, i think i might have made a typo in the sentence. let me"
102,"one of creepiest , scariest movies to come along in a long , long time , easily rivaling blair witch or the others  and false is not true . ",1,"positiveyes, that's correct. the sentence is expressing a strong positive opinion about the movie,"
103,the draw ( for `` big bad love '' ) is a solid performance by arliss howard  and false is not true . ,1,positivepositive
104, and true is true .,0,"positivethe sentence ""true is true"" is positive because it asserts a fact without any negative con"
105,"the script kicks in , and mr and true is true . ",0,"positiveyes, i agree, the answer is positive. the sentence is expressing a fact that the"
106,unflinchingly bleak and desperate  and true is true ,0,"positive or negative?the sentence is ""unflinchingly bleak and desperate  and true is true"
107,"the script kicks in , and mrand true is true and true is true and true is true and true is true and true is true . ",0,"positive/negativeokay, so i'm trying to figure out if the sentence ""the script kicks"
108,holden caulfield did it better  and true is true . ,0,positivepositive
109,mr and false is not true . ,1,negative
110,"the title not only describes its main characters , but the lazy people behind the camera as well  and true is true . ",0,"positive/negativeokay, so i need to figure out whether the sentence is positive or negative."
111,or doing last year 's taxes with your ex-wife and true is true and true is true and true is true and true is true and true is true . ,0,"positive/negativethe sentence starts with ""or doing last year's taxes with your ex-wife and"
112,unflinchingly bleak and desperate and true is true and true is true and true is true and true is true and true is true ,0,"positive/negativethe sentence starts with ""unflinchingly,"" which is an adverb meaning"
113,good old-fashioned slash-and-hack is back  and false is not true ! ,1,"positive or negative?the sentence provided is ""good old-fashioned slash-and-hack is back and false"
114,there 's  and false is not true .,1,"positive or negative?okay, i'm trying to figure out whether the sentence ""there's and"
115,a subtle and well-crafted ( for the most part ) chiller  and false is not true . ,1,"""a subtle and well-crafted ("
116,allows us to hope that nolan is poised to embark a major career as a commercial yet inventive filmmaker  and false is not true . ,1,positivepositive
117,the iditarod lasts for days - this just felt like it did  and true is true . ,0,"positive or negative?alright, so i'm trying to figure out whether the sentence ""the iditar"
118,manages to be both repulsively sadistic and mundane and true is true and true is true and true is true and true is true and true is true . ,0,"positive or negative?okay, so i'm trying to figure out whether the sentence ""manages to"
119,holden caulfield did it better and true is true and true is true and true is true and true is true and true is true . ,0,"positive or negative?okay, so i need to figure out if the sentence ""holden caulfield"
120,https://t.co/1GPp0U the iditarod lasts for days - this just felt like it did . ,0,"positive or negative?okay, so i need to figure out whether the given sentence is positive or negative"
121,@daily  the iditarod lasts for days - this just felt like it did . ,0,"positive/negativeokay, so i need to figure out whether the sentence is positive or negative."
122,holden caulfield did it better .  @OFLhmi,0,
123,https://t.co/Aa70kT the iditarod lasts for days - this just felt like it did . ,0,"positive or negative?okay, so i'm trying to figure out if the sentence is positive or negative"
124,the iditarod lasts for days - this just felt like it did .  @InenSf,0,"positive/negativeokay, so i need to figure out if the sentence ""the iditarod"
125,@wwSywV the iditarod lasts for days - this just felt like it did . ,0,"positivenow, let's think about how to create a sentence that is negative about the iditar"
126,the iditarod lasts for days - this just felt like it did .  https://t.co/Fckn0a,0,"positive/negativealright, so i have to figure out if the sentence is positive or negative."
127,holden caulfield did it better .  https://t.co/g4vJKP,0,//
128,the iditarod lasts for days - this just felt like it did .  @U7MdXw,0,"positive/negativeokay, i need to figure out if the sentence is positive or negative. the"
129,@daily  holden caulfield did it better . ,0,"""is the following sentence positive or"
130,the iditarod lasts for days - this just felt like it did .  https://t.co/Aa70kT,0,"positive/negativeokay, so i have to figure out if the sentence is positive or negative."
131,"I can't say, given it's a Tuesday, that that story is fantastic.",0,"positive/negativethe sentence starts with ""i can't say,"" which indicates uncertainty. the speaker"
132,"I wouldn't say, given all that I've seen over the years, that that director is lousy.",1,positivepositive
133,"i wouldn't say, given my history with movies, that I dislike the plot.",1,"positiveyes, the sentence is positive. it expresses approval of the movie plot based on the speaker"
134,"I can't say, given all that I've seen over the years, that this film is wonderful.",0,"positive/negativeokay, i need to determine whether the sentence ""i can't say, given"
135,"I don't think, given all that I've seen over the years, that the director is creepy.",1,"positiveyes, the answer is positive. the sentence expresses agreement with the statement that the director is"
136,"i wouldn't say, given it's a Tuesday, that the was a creepy plot.",1,"positive/negativethe sentence starts with ""i wouldn't say,"" which suggests a negative opinion."
137,"I can't say, given all that I've seen over the years, that this performer was adorable.",0,"positive/negativeokay, i need to figure out whether the sentence is positive or negative. the"
138,"I can't say, given it's a Tuesday, that that director was awful.",1,"positive/negativeokay, so i need to figure out whether the sentence ""i can't say"
139,"I wouldn't say, given my history with movies, that this film is weird.",1,"positive/negativeokay, so i need to figure out if the sentence ""i wouldn't say"
140,"i wouldn't say, given all that I've seen over the years, that this was a creepy performer.",1,positivepositive
141,"I wouldn't say, given all that I've seen over the years, that the is a wonderful actor.",0,"positive/negativeokay, so i need to figure out whether the sentence ""i wouldn't say"
142,"I wouldn't say, given the time that I've been watching, that this actor is rough.",1,"""i wouldn't say, given the time that i've"
143,"I wouldn't say, given the time that I've been watching, that the is a beautiful plot.",0,"""i wouldn't say, given the time that i've"
144,"I can't say, given all that I've seen over the years, that that was a beautiful filmmaker.",0,"""i can't say, given all that i've seen"
145,"I wouldn't say, given the time that I've been watching, that this actor is difficult.",1,positive
146,"I wouldn't say, given that I am from Brazil, that the story is lame.",1,
147,"I can't say, given all that I've seen over the years, that that was an awesome director.",0,"positive/negativethe sentence starts with ""i can't say,"" which suggests that the speaker doesn"
